"Company", "Hourly Salary", "Housing", "Apply Link"
"Hudson River Trading", "$96 / hr", "Corporate or $6,000 stipend housing, Company Provided transportation, Free breakfast and lunch, snacks throughout the office; dinner stipend if working late; outdoor terrace and game room (pool, ping pong, board games, video games, etc.); 10k signing bonus, office view from 76th floor, gym, etc.", "https://www.hudsonrivertrading.com/careers/?ref=levels.fyi"
"Jane Street", "$96 / hr", "$2,100 / mo housing, $10,000 signing bonus, Food, swag", "https://www.janestreet.com/join-jane-street/?ref=levels.fyi#open-positions"
"Optiver", "$91 / hr", "Corporate housing, $15,000 signing bonus, paid flights, free breakfast and lunch.", "https://www.optiver.com/working-at-optiver/career-opportunities/?filter-level=internship&ref=levels.fyi"
"Five Rings", "$88 / hr", "$7,500 sign on", "https://fiverings.avature.net/careers?ref=levels.fyi"
"Akuna Capital", "$84 / hr", "Corporate housing, $5,000 performance bonus, Company Provided transportation, Snacks + In-House Barista", "https://akunacapital.com/careers?ref=levels.fyi#careers"
"Citadel", "$84 / hr", "Corporate housing, Company Provided transportation, Breakfast/Lunch/Dinner all provided. Daily Uber stipend for to/from office. Monthly transportation stipend.", "https://www.citadel.com/careers/open-positions/positions-for-students/?keyword=Intern&ref=levels.fyi"
"D.E. Shaw", "$83 / hr", "Corporate or $5,000 housing, Overtime (every hour above 40) is paid at 1.5x default rate", "https://www.deshaw.com/careers?ref=levels.fyi"
"IMC", "$75 / hr", "Corporate housing, Company Provided transportation, $20,000 Signing bonus, breakfast & lunch.", "https://careers.imc.com/us/en/c/internships-jobs?ref=levels.fyi"
"Schonfeld", "$75 / hr", "$10,000 housing, PTO, 401k, Insurance", "https://boards.greenhouse.io/schonfeld?ref=levels.fyi"
"DRW", "$73 / hr", "Corporate housing, Round Airfare", "https://drw.com/careers/listings/?language=English&ref=levels.fyi"
"Jump Trading", "$70 / hr", "Corporate housing, Food and Paid Flights", "https://www.jumptrading.com/jobs.html?ref=levels.fyi"
"Two Sigma", "$70 / hr", "Corporate + $5,000 relocation bonus housing, $7,500 performance bonus at the end, $5,000 donation match, $10,000 sign-on bonus", "https://careers.twosigma.com/careers/SearchJobs/intern%20software?ref=levels.fyi"
"Nuro", "$69 / hr", "$2,500 per month housing, $3,250 performance based bonus", "https://www.nuro.ai/careers?ref=levels.fyi"
"Asana", "$65 / hr", "Gym stipend, free food, no housing stipend but help in finding housing. Company provided transportation.", "https://boards.greenhouse.io/earlycareerprograms?ref=levels.fyi"
"Quora", "$65 / hr", "", "https://boards.greenhouse.io/quora/?ref=levels.fyi"
"Virtu Financial", "$65 / hr", "$2,000 housing, Company Provided transportation", "https://boards.greenhouse.io/virtu?ref=levels.fyi"
"Samsung Research America", "$63 / hr", "", "https://boards.greenhouse.io/samsungresearchamericainternship/?ref=levels.fyi"
"Amazon.com Services LLC", "$63 / hr", "$2,425 housing", "https://www.amazon.jobs/en/teams/internships-for-students?offset=0&result_limit=10&sort=relevant&category%5B%5D=software-development&distanceType=Mi&radius=24km&latitude=&longitude=&loc_group_id=&loc_query=&base_query=&city=&country=&region=&county=&query_options=&ref=levels.fyi"
"Waymo", "$60 / hr", "One time $4,000 intern bonus, PhD level internship", "https://waymo.com/careers/?ref=levels.fyi#roles"
"Benchling", "$60 / hr", "$1,000 / mo housing + $1,000 stipend housing, $100 / mo for wellness, health, vision, dental insurance, lunch + dinner", "https://www.benchling.com/careers/?ref=levels.fyi#openings"
"Coinbase", "$60 / hr", "$500 WFH Stipend, $160/month phone+internet, $95 / mo gym reimbursement", "https://www.coinbase.com/careers/positions/?department=Internships%2520%2526%2520University%2520Grad%2520Positions&ref=levels.fyi"
"Ramp", "$60 / hr", "$5,000 housing, Relocation, Wellness, Health Insurance", "https://ramp.com/careers?ref=levels.fyi"
"Riot Games", "$59 / hr", "$4,500 WFH lump sum, RP, VP, 1 week paid trip to LA office", "https://www.riotgames.com/en/university-programs?ref=levels.fyi"
"Capital One", "$58 / hr", "Corporate housing or $3,000 post-tax lump sum housing.", "https://www.cscareers.dev/job-postings/b037f999-c377-4900-b48e-baef1c968478?ref=levels.fyi"
"Coursera", "$58 / hr", "Device fee $500", "https://jobs.lever.co/coursera/?commitment=Intern&ref=levels.fyi"
"Lyft", "$58 / hr", "$1,000-1,500 / mo housing stipend (zone dependent). Prorated if you start in the middle of a month. $500 miscellaneous expense allowance. Round-trip transportation (air or driving) from school to internship, expenses covered. Free membership to Lyft Pink. Medical Benefits: Health, Vision, and Dental. All expenses are tax assisted.", "https://www.lyft.com/careers?ref=levels.fyi#openings?search=intern"
"Audible", "$58 / hr", "Corporate housing, Company Provided transportation", "https://amazon.jobs/en/search?base_query=audible+internship&loc_query=&latitude=&longitude=&loc_group_id=&invalid_location=false&country=&city=&region=&county=&ref=levels.fyi"
"Nvidia", "$58 / hr", "$2,200 / mo housing, $1,000 transportation, $2500  signing bonus, ESPP (15% off)", "https://nvidia.wd5.myworkdayjobs.com/NVIDIAExternalCareerSite/3/refreshFacet/318c8bb6f553100021d223d9780d30be?source=jobboardlinkedin&ref=levels.fyi"
"Gusto", "$58 / hr", "$2,000 / mo housing, $250 transportation", "https://gusto.com/about/careers?ref=levels.fyi#job-listings"
"Stripe", "$58 / hr", "Corporate or $2,000 / mo housing, Company Provided transportation, Health Insurance, $100 / mo Wellness Stipend, Commuter Stipend, PTO, Free Food", "https://stripe.com/jobs/search?s=intern&ref=levels.fyi"
"Okta", "$57 / hr", "$8,000 lumpsum housing, $275 transportation, $200 per month for phone", "https://www.okta.com/company/careers/?ref=levels.fyi#careers-job-postings"
"ServiceNow", "$57 / hr", "401K plan, Health insurance", "https://careers.smartrecruiters.com/ServiceNow?search=intern&ref=levels.fyi"
"Affirm", "$56 / hr", "$6,000 sign on bonus, $225 / mo for food, $200 / mo for tech, $100 / mo of affirm product, medical & dental insurance", "https://boards.greenhouse.io/affirm?ref=levels.fyi"
"AWS", "$56 / hr", "$2,445 housing, 2 Way Flights or Covered Travel and Hotel costs transportation, Bananas", "https://www.amazon.jobs/en/search?offset=0&result_limit=10&sort=relevant&business_category%5B%5D=amazon-web-services&distanceType=Mi&radius=24km&latitude=&longitude=&loc_group_id=&loc_query=&base_query=2022&city=&country=&region=&county=&query_options=&ref=levels.fyi"
"Bosch", "$56 / hr", "", "https://careers.smartrecruiters.com/BoschGroup?ref=levels.fyi"
"Wish", "$56 / hr", "$500 WFH stipend, $75 / mo fitness reimbursement $50 / mo in Wish cash", "https://www.wish.com/careers/university?hide_login_modal=true&ref=levels.fyi"
"BlackRock", "$55 / hr", "Overtime is $82.98/hr", "https://blackrock.tal.net/vx/lang-en-GB/mobile-0/brand-3/xf-b90761acf21e/candidate/jobboard/vacancy/1/adv/?ref=levels.fyi"
"Brex", "$55 / hr", "", "https://www.brex.com/careers/?ref=levels.fyi#jobsBoard"
"Confluent", "$55 / hr", "Master's internship, $2,000 / mo housing", "https://www.confluent.io/careers/?ref=levels.fyi#open-positions"
"Pinterest", "$55 / hr", "$7,350 post tax stipend housing, medical and dental coverage", "https://www.pinterestcareers.com/job-search-results/?job_type=Intern&ref=levels.fyi"
"Scale AI", "$55 / hr", "", "https://i.imgur.com/feB4HRb.png?ref=levels.fyi"
"Belvedere Trading", "$55 / hr", "$2,000 housing, Performance Bonus at end of internship - $5,000", "https://www.belvederetrading.com/jobs/?ref=levels.fyi"
"Salesforce", "$54 / hr", "$3,000 / mo housing", "https://salesforce.wd1.myworkdayjobs.com/External_Career_Site/1/refreshFacet/318c8bb6f553100021d223d9780d30be?d=cta-hm-sjb-1&ref=levels.fyi"
"Adobe", "$54 / hr", "$8,000 one time bonus", "https://adobe.wd5.myworkdayjobs.com/external_university/1/refreshFacet/318c8bb6f553100021d223d9780d30be?ref=levels.fyi"
"Rippling", "$54 / hr", "$2,000 per month housing", "https://www.rippling.com/careers?ref=levels.fyi#openings"
"Instabase", "$53 / hr", "$2,000 / mo housing", "https://instabase.com/careers/?ref=levels.fyi#positions"
"Amazon", "$53 / hr", "$1,875 / mo housing", "https://www.amazon.jobs/en/teams/internships-for-students?offset=0&result_limit=10&sort=relevant&category%5B%5D=software-development&distanceType=Mi&radius=24km&latitude=&longitude=&loc_group_id=&loc_query=&base_query=&city=&country=&region=&county=&query_options=&ref=levels.fyi"
"Atlassian", "$53 / hr", "$2,000 / mo for housing", "https://jobs.lever.co/atlassian?commitment=Intern&ref=levels.fyi"
"Sentry", "$53 / hr", "$140 transportation", "https://boards.greenhouse.io/sentry/?ref=levels.fyi"
"Morgan Stanley", "$53 / hr", "$2,000 sign on bonus can be used for housing, $500 transportation stipend, Swag (duffel bag).", "https://www.morganstanley.com/careers/career-opportunities-search?ref=levels.fyi"
"Pimco", "$53 / hr", "$5,000 housing, Not eligible to receive full time benefits", "https://careers.pimco.com/careers/SearchJobs/2022?ref=levels.fyi"
"McKinsey", "$52 / hr", "Flights", "https://www.mckinsey.com/careers/search-jobs?ref=levels.fyi#?query=Software%20intern"
"Convoy", "$52 / hr", "$2,500 housing, $500 / Orca card transportation", "https://jobs.lever.co/convoy?ref=levels.fyi"
"Gem", "$52 / hr", "Corporate housing, Free meals at office", "https://www.gem.com/company/careers?ref=levels.fyi#jobboard"
"Plaid", "$52 / hr", "$9,000 sign on bonus (no housing)", "https://plaid.com/careers/openings/?role=intern&department=Engineering&location=All+locations&ref=levels.fyi"
"Stottler Henke Associates", "$52 / hr", "No housing, No transportation, None", "https://www.stottlerhenke.com/about/careers/?ref=levels.fyi"
"Rubrik", "$52 / hr", "", "https://www.rubrik.com/en/company/careers/departments/university-talent.56313?ref=levels.fyi"
"Snap", "$52 / hr", "$2,500 / mo housing, n/a transportation, Dental and health benefits", "https://www.snap.com/en-GB/jobs?types=Intern&ref=levels.fyi"
"Facebook", "$51 / hr", "Corporate housing, Company Provided transportation, Relocation, Free food, Gym, On site laundry & transport, Medical Insurance, Wellness benefits, $240 wellness reimbursement", "https://www.facebook.com/careers/jobs/?roles%5B0%5D=intern&ref=levels.fyi"
"Intuit", "$51 / hr", "Corporate housing, Company Provided transportation, $2,000 stipend, relocation paid for", "https://jobs.intuit.com/search-jobs/intern/27595/1?ref=levels.fyi"
"Squarespace", "$51 / hr", "$1,800 / mo or corporate dorm housing", "https://www.squarespace.com/careers/engineering?ref=levels.fyi"
"Gap", "$51 / hr", "$8,000 deduction on hourly if corporate housing housing, 50% off merch, $3,000 sign on bonus", "https://www.gapinc.com/en-us/careers/job-search?currentpage=1&query=gaptech&currentPage=1&sort=score&ref=levels.fyi"
"Bloomberg", "$50 / hr", "Corporate or $5,100 housing, $2,000 relocation benefit", "https://careers.bloomberg.com/job/search?qf=2022&ref=levels.fyi"
"Cisco Meraki", "$50 / hr", "$10,000 bonus", "https://jobs.cisco.com/jobs/SearchJobs/?21180=%5B165%5D&21180_format=6022&listFilterMode=1&ref=levels.fyi"
"Databricks", "$50 / hr", "$1,900 housing", "https://databricks.com/company/careers/open-positions?department=universityrecruiting&location=all&ref=levels.fyi"
"Datadog", "$50 / hr", "$3,000 lumpsum housing, Free lunch MWF, Flights to/from NYC Covered", "https://www.datadoghq.com/careers/detail/?gh_jid=3339295&gh_src=8363eca61&ref=levels.fyi"
"Figma", "$50 / hr", "$2,000 / mo housing, Round trip flight, WFH stipend, Wifi reimbursement, food in the office.", "https://jobs.lever.co/figma/?commitment=Intern&ref=levels.fyi"
"MongoDB", "$50 / hr", "$7,500 housing, $655 transportation, $1,000 relocation.", "https://www.mongodb.com/careers/positions?ref=levels.fyi"
"Patientco", "$50 / hr", "", "https://jobs.lever.co/patientcolife/?ref=levels.fyi"
"PayPal", "$50 / hr", "Corporate housing, Company Provided transportation", "https://jobsearch.paypal-corp.com/en-US/search?keywords=intern&facetcountry=us&location=&facetcategory=internship&ref=levels.fyi"
"SIG", "$50 / hr", "Corporate housing, $600 transportation, $10,000 signing bonus", "https://careers.sig.com/search-results?keywords=intern&ref=levels.fyi"
"Slack", "$50 / hr", "$3,000 housing", "https://salesforce.wd1.myworkdayjobs.com/Slack/0/refreshFacet/318c8bb6f553100021d223d9780d30be?ref=levels.fyi"
"Snowflake", "$50 / hr", "50% reimbursement up to $2,500 / mo housing, $1,000 bonus", "https://careers.snowflake.com/us/en/search-results?rk=l-university-recruiting&sortBy=Most+relevant&ref=levels.fyi"
"SoFi", "$50 / hr", "$5,000 housing", "https://www.sofi.com/careers/?ref=levels.fyi"
"Spatial", "$50 / hr", "", "https://spatial.io/jobs?ref=levels.fyi"
"Spectrum Labs", "$50 / hr", "", "https://www.spectrumlabsai.com/careers?ref=levels.fyi"
"Tinder", "$50 / hr", "$250 setup fee", "https://join.matchgroupcareers.com/careers?pid=2215596&department=Tinder&query=intern&domain=gotinder.com&ref=levels.fyi"
"TruEra", "$50 / hr", "Free DoorDash for meals", "https://truera.com/truera-best-machine-learning-jobs/?ref=levels.fyi"
"Uber", "$50 / hr", "$1,500 housing, Monthly Uber credits equivalent to the average fare of your home city, multiplied by 15. 17% discount is always in effect and applied to all subsequent trips. transportation, ,free daily catered meals, $50 / mo cellphone reimbursement, health/dental insurance.", "https://www.uber.com/us/en/careers/list/?department=University&ref=levels.fyi"
"Unity Technologies", "$50 / hr", "", "https://careers.unity.com/university?ref=levels.fyi"
"Verkada", "$50 / hr", "$2,000 / mo housing, transportation covered", "https://jobs.lever.co/verkada/?commitment=Intern&ref=levels.fyi"
"Yext", "$50 / hr", "$5,000 stipend", "https://boards.greenhouse.io/yext/?ref=levels.fyi"
"Tableau", "$50 / hr", "$3,000 / mo housing, 401(k) $5,000 matching/year, Employee Stock Purchase Plan, $100/month for health and wellness - gym membership, massage, yoga, round of golf, etc.,  24-hour travel assistance, travel discounts (airfare, rental cars, and hotels), a free membership to ZipCar, discounts with Fond.", "https://salesforce.wd1.myworkdayjobs.com/Tableau/3/refreshFacet/318c8bb6f553100021d223d9780d30be?ref=levels.fyi"
"Blackstone", "$49 / hr", "Paid semi-monthly. Internship will last 8 weeks.", "https://blackstone.wd1.myworkdayjobs.com/Blackstone_Campus_Careers/2/refreshFacet/318c8bb6f553100021d223d9780d30be?ref=levels.fyi"
"Amazon APP intern", "$49 / hr", "$2,425 / mo housing, Flight to and from internship transportation", "https://www.amazon.jobs/en/teams/internships-for-students?offset=0&result_limit=10&sort=relevant&category%5B%5D=software-development&distanceType=Mi&radius=24km&latitude=&longitude=&loc_group_id=&loc_query=&base_query=&city=&country=&region=&county=&query_options=&ref=levels.fyi"
"Palantir", "$49 / hr", "$2,000 housing, Airfare, health insurance, swag", "https://jobs.lever.co/palantir?commitment=Internship&ref=levels.fyi"
"Redfin", "$49 / hr", "$5,000 housing, Company Provided transportation", "https://www.redfin.com/careers/departments/early-career?ref=levels.fyi"
"Amazon Robotics", "$48 / hr", "$1,875 / mo housing", "https://www.amazon.jobs/internships?offset=0&result_limit=10&sort=relevant&category%5B%5D=software-development&cities%5B%5D=North+Reading%2C+Massachusetts%2C+USA&distanceType=Mi&radius=24km&latitude=&longitude=&loc_group_id=&loc_query=&base_query=&city=&country=&region=&county=&query_options=&ref=levels.fyi"
"Cruise", "$48 / hr", "$2,600 housing, $750 transportation, 401K, SWAG, dental / medical, transportation (via self driving cars)", "https://www.getcruise.com/careers/jobs/?search=intern&ref=levels.fyi"
"Goldman Sachs", "$48 / hr", "$5,000 lump sum housing, $750 transportation", "https://www.goldmansachs.com/careers/students/programs/?ref=levels.fyi"
"Robinhood", "$48 / hr", "$2,000 / mo housing, Company Provided transportation, $100/mo wellness, breakfast+lunch+dinner provided.", "https://robinhood.com/us/en/careers/openings/?ref=levels.fyi"
"Cockroach Labs", "$48 / hr", "$2,500 sign on bonus", "https://www.cockroachlabs.com/careers/open-positions/?ref=levels.fyi"
"American Express", "$47 / hr", "$5,000 sign-on bonus", "https://aexp.eightfold.ai/careers?pid=9090147&query=intern&domain=aexp.com&triggerGoButton=false&ref=levels.fyi"
"Bytedance", "$47 / hr", "$14 / hr (factored into the salary) housing, Free food (for in-person internship)", "https://jobs.bytedance.com/en/position?type=3&ref=levels.fyi"
"Duolingo", "$47 / hr", "$1,000 / mo housing, Free Breakfast, Lunch, and Dinner, 2 days PTO, 401k", "https://boards.greenhouse.io/duolingo/?ref=levels.fyi"
"Microsoft", "$47 / hr", "Corporate or $7,000 or $2,333 / mo housing, $1,200 transportation / Bus pass, corporate shuttle transportation, $300 allowance. $5,000 signing bonus for return interns. Paid for tickets, gym membership.", "https://careers.microsoft.com/students/us/en/search-results?keywords=intern&ref=levels.fyi"
"QuantCo", "$47 / hr", "$2,000 housing, Company provided transportation", "https://jobs.lever.co/quantco-/?ref=levels.fyi"
"Shopify", "$47 / hr", "$500 / mo housing, $500 'WFH' Stipend (no restrictions on how spent), $250 Wellness, $250 'Startify' (start your own Shopify store), $100 / item 'Own Your Own Development' for anything educational / career development (unlimited uses, but max $100 / item)", "https://www.shopify.ca/careers/interns?ref=levels.fyi#Jobs"
"Dropbox", "$46 / hr", "$125 / mo as a wellness stipend", "https://www.dropbox.com/jobs/all-jobs?ref=levels.fyi"
"Momentive", "$46 / hr", "Signing Bonus - $2,000", "https://www.momentive.ai/en/careers/dept/engineering/?ut_source2=en%2Fcareers&ut_source3=inline&ref=levels.fyi"
"Oracle", "$46 / hr", "$5,000 TBA (Given in the Spring) housing", "https://eeho.fa.us2.oraclecloud.com/hcmUI/CandidateExperience/en/sites/CX_1/job/102463/?utm_medium=jobshare&ref=levels.fyi"
"SurveyMonkey", "$46 / hr", "$2,000 signing bonus", "https://www.surveymonkey.com/careers/dept/engineering/?ref=levels.fyi"
"Balyasny Asset Management", "$45 / hr", "$5,000 housing", "https://bamfunds.wd1.myworkdayjobs.com/External/5/refreshFacet/318c8bb6f553100021d223d9780d30be?ref=levels.fyi"
"Cadence", "$45 / hr", "", "https://cadence.wd1.myworkdayjobs.com/Univ_Careers/0/refreshFacet/318c8bb6f553100021d223d9780d30be?ref=levels.fyi"
"Expedia Group", "$45 / hr", "Corporate housing, Company Provided transportation, Employee Discount, Food, Relocation.", "https://lifeatexpediagroup.com/jobs?keyword=intern&ref=levels.fyi"
"HBO", "$45 / hr", "No housing, no transportation", "https://hbocareers.com/search?sort=&q=internship&location=&type=&organization=&ref=levels.fyi"
"HubSpot", "$45 / hr", "$3,000 housing, PTO, sick time, internet stipend, free food, monthly wellness stipend, 401k, ESPP.", "https://www.hubspot.com/careers/jobs/?page=1&ref=levels.fyi#roleType=intern;"
"MasterCard", "$45 / hr", "$5,000 Sign On Bonus", "https://mastercard.jobs/jobs/?q=intern&location=New+York&ref=levels.fyi#2"
"Poshmark", "$45 / hr", "", "https://poshmark.com/careers?ref=levels.fyi"
"Rivian", "$45 / hr", "$2,500 / mo housing", "https://rivian.com/careers?search=intern&ref=levels.fyi"
"Roku", "$45 / hr", "", "https://www.roku.com/jobs/listing?search=intern&dept=Software+Engineering&ref=levels.fyi"
"Walmart Global Tech", "$45 / hr", "Corporate or $1,600 monthly housing, Flights to and from internship location. One time $200 relation bonus.", "https://careers.walmart.com/results?q=2021&page=1&sort=rank&jobCategory=00000159-75a3-d286-a3f9-7fa3cf810000%2C00000161-7bf4-da32-a37b-fbf7c59e0000&jobSubCategory=0000015a-a52c-d06d-af5f-f5bfce780000&expand=department%2Cbrand%2Ctype%2Crate&type=jobs&ref=levels.fyi"
"Xilinx", "$45 / hr", "No housing, no transportation", "https://careers.xilinx.com/search/intern/jobs?ref=levels.fyi"
"F5 Networks", "$44 / hr", "$5,000 housing", "https://ffive.wd5.myworkdayjobs.com/f5jobs/1/refreshFacet/318c8bb6f553100021d223d9780d30be?ref=levels.fyi"
"Twilio", "$44 / hr", "Corporate / TBD housing", "https://boards.greenhouse.io/twiliostudents?ref=levels.fyi"
"Anduril", "$44 / hr", "Corporate housing, Company Provided transportation", "https://jobs.lever.co/anduril/?commitment=Internship&ref=levels.fyi"
"Cambly", "$44 / hr", "Doordash and WFH stipend", "https://jobs.lever.co/cambly/?commitment=Intern&ref=levels.fyi"
"X - The Moonshot Factory", "$44 / hr", "$11,700 lumpsum housing", "https://x.company/careers-at-x/?ref=levels.fyi"
"Google", "$43 / hr", "$9,000 housing", "https://careers.google.com/jobs/results/?company=Google&company=YouTube&distance=50&employment_type=FULL_TIME&employment_type=INTERN&employment_type=PART_TIME&employment_type=TEMPORARY&jex=ENTRY_LEVEL&q=2022&ref=levels.fyi"
"Nomura", "$43 / hr", "Relocation allowance: $2,000, Laptops were for ours to keep at the end of the internship", "https://nomuracampus.tal.net/vx/lang-en-GB/mobile-0/appcentre-ext/brand-4/xf-3348347fc789/candidate/jobboard/vacancy/1/adv/?ref=levels.fyi"
"Zendesk", "$43 / hr", "", "https://jobs.zendesk.com/us/en/search-results?keywords=intern&ref=levels.fyi"
"IBM", "$43 / hr", "$2,000 lump sum + $750 WFH stipend", "https://krb-sjobs.brassring.com/tgnewui/search/home/homewithpreload?partnerid=26059&siteid=5016&pagetype=jobdetails&jobid=458529&ref=levels.fyi#jobDetails=458529_5016"
"Squarepoint Capital", "$43 / hr", "Free food", "https://www.squarepoint-capital.com/?ref=levels.fyi"
"DocuSign", "$42 / hr", "", "https://www.docusign.com/company/careers/open-positions?keyword=intern&op=Search&department=&location=&ref=levels.fyi"
"Eightfold.ai", "$42 / hr", "", "https://app.eightfold.ai/careers/search?pid=68721310993&query=intern&domain=volkscience.com&triggerGoButton=false&ref=levels.fyi"
"Qualcomm", "$42 / hr", "Corporate housing, Free Surfing, Skydiving, and Jet Skiing", "https://qualcomm.wd5.myworkdayjobs.com/External/2/refreshFacet/318c8bb6f553100021d223d9780d30be?src=LinkedInJobs&source=Linkedin&ref=levels.fyi"
"Verisk", "$42 / hr", "$2,500 lump sum housing", "https://careers.smartrecruiters.com/Verisk/?search=intern&ref=levels.fyi"
"PagerDuty", "$42 / hr", "", "https://jobs.lever.co/pagerduty?commitment=Intern%2FCAP&ref=levels.fyi"
"Synopsys", "$41 / hr", "", "https://sjobs.brassring.com/TGnewUI/Search/Home/Home?partnerid=25235&siteid=5359&ref=levels.fyi#keyWordSearch=intern&locationSearch="
"Clever", "$41 / hr", "$6,000 lumpsum housing", "https://clever.com/about/careers/?ref=levels.fyi"
"Allen Institute for AI", "$40 / hr", "Healthcare, paid time off", "https://allenai.org/internships?ref=levels.fyi"
"Alteryx", "$40 / hr", "", "https://alteryx.wd5.myworkdayjobs.com/alteryxcareers/0/refreshFacet/318c8bb6f553100021d223d9780d30be?ref=levels.fyi"
"AppFolio", "$40 / hr", "$1,000 housing", "https://www.appfolioinc.com/jobs-openings?ref=levels.fyi"
"Appian", "$40 / hr", "$3,000 if in person housing", "https://careers.appian.com/jobs/?search=intern&location=&ref=levels.fyi"
"Asurion", "$40 / hr", "Corporate housing", "https://careers.asurion.com/ListJobs/?keyword=Software+Engineer+Intern&fuzzy=false&ref=levels.fyi"
"Bill.com", "$40 / hr", "$5,000 lumpsum housing", "https://jobs.lever.co/bill?commitment=Intern&ref=levels.fyi"
"Indeed", "$40 / hr", "", "https://www.indeed.jobs/available-jobs/?sr=intern+&lc=&location=&department=Software+Engineering&remote=&paged=&ref=levels.fyi"
"MarketAxess", "$40 / hr", "$60 / hr overtime pay when working over 40hr / week", "https://careers.smartrecruiters.com/MarketAxess?ref=levels.fyi"
"Sigma Computing", "$40 / hr", "", "https://www.sigmacomputing.com/careers/?ref=levels.fyi"
"Tesla", "$40 / hr", "35% discount on Tesla merch, various reimbursements for phone/internet/transportation, etc.", "https://www.tesla.com/careers/search/?country=US&department=3&query=fall+2021&ref=levels.fyi"
"Walt Disney Company", "$40 / hr", "Housing provided housing, $6,500 sign-on bonus, free admission to parks, guest passes, up to 50% off in shops, etc.", "https://jobs.disneycareers.com/search-jobs/intern/391-28648/1?glat=59.93863&glon=30.31413&ref=levels.fyi"
"AMD", "$39 / hr", "GPU Purchase Program", "https://jobs.amd.com/search/?q=&q2=&alertId=&locationsearch=&title=2022&location=&ref=levels.fyi"
"Analog Devices", "$39 / hr", "$900 housing, $500 transportation", "https://careers.analog.com/c/engineering-jobs?ref=levels.fyi"
"Apple", "$39 / hr", "Corporate or $1,000 / mo housing, $1,000 transportation", "https://jobs.apple.com/en-us/search?search=Software+Engineering+Internship&sort=relevance&location=united-states-USA&ref=levels.fyi"
"Deloitte", "$39 / hr", "", "https://www2.deloitte.com/ie/en/pages/careers/articles/summer-intern-programme.html?ref=levels.fyi"
"P&G", "$39 / hr", "Company subsidized housing, Company subsidized transportation", "https://www.pgcareers.com/search-jobs?k=Intern&ascf=%5B%7B%27key%27%3A%27custom_fields.Language%27%2C%27value%27%3A%27English%27%7D%2C%5D&alp=6252001&alt=2&ref=levels.fyi"
"Micron Technology", "$39 / hr", "Corporate housing", "https://jobs.micron.com/search/?createNewAlert=false&q=2021+intern&locationsearch=US&ref=levels.fyi"
"ADP", "$38 / hr", "", "https://jobs.adp.com/job-search-results/?category%5B%5D=Intern%2FCo-Op&language=en&location=United+States&country=US&radius=200&ref=levels.fyi"
"Cisco", "$38 / hr", "Corporate housing, $8,000 Sign on bonus, 401k, Overtime rates (1.5 and 2.0)", "https://jobs.cisco.com/jobs/SearchJobs/Summer%202022?ref=levels.fyi"
"Mathworks", "$38 / hr", "$2,000 relocation bonus", "https://www.mathworks.com/company/jobs/opportunities/search?%3Fjob_type_id%255b%255d=1755&posting_org_id%5B%5D=1&posting_team_id%5B%5D=18&posting_team_id%5B%5D=22&posting_team_id%5B%5D=21&posting_team_id%5B%5D=20&job_type_id%5B%5D=1755&ref=levels.fyi"
"PathAI", "$38 / hr", "", "https://www.pathai.com/careers/?ref=levels.fyi"
"Teradyne", "$38 / hr", "", "https://jobs.teradyne.com/search/?q=&q2=&alertId=&title=intern&location=&department=&facility=&ref=levels.fyi"
"Arm", "$37 / hr", "Corporate housing", "https://careers.arm.com/search-jobs?acm=8097040&alrpm=ALL&ascf=%5B%7B%22key%22%3A%22ALL%22%2C%22value%22%3A%22%22%7D%5D&ref=levels.fyi"
"Charles River Development", "$37 / hr", "No housing, no transportation", "https://careers.statestreet.com/global/en/search-results?m=3&keywords=intern&ref=levels.fyi"
"Dimensional Funds Advisor", "$37 / hr", "$1,500 housing, $1,000 stipend", "https://dimensional.wd5.myworkdayjobs.com/DFA_Campus?ref=levels.fyi"
"Huawei", "$37 / hr", "", "https://apply.workable.com/huawei-16/?lng=en&ref=levels.fyi"
"Qualtrics", "$37 / hr", "$600 housing", "https://www.qualtrics.com/careers/us/en/search-results?m=3&keywords=summer+intern&ref=levels.fyi"
"Sage Bionetworks", "$37 / hr", "Company provided transportation", "https://sagebionetworks.org/open-positions/?ref=levels.fyi"
"Vanguard", "$37 / hr", "Corporate (College Dorms) housing", "https://www.vanguardjobs.com/job-search-results/?keyword=college+to+corporate&level%5B%5D=Student+%26+Recent+Graduates&ref=levels.fyi"
"Red Ventures", "$36 / hr", "", "https://careers.redventures.com/positions.html?team=college&office=&brand=&ref=levels.fyi"
"NXP", "$36 / hr", "", "https://nxp.wd3.myworkdayjobs.com/careers/1/refreshFacet/318c8bb6f553100021d223d9780d30be?ref=levels.fyi"
"West Monroe", "$36 / hr", "", "https://www.wayup.com/s/internships/engineering/?ref=levels.fyi"
"OSIsoft", "$36 / hr", "$4,000 housing", "https://osisoft.wd1.myworkdayjobs.com/osisoft_careers/1/refreshFacet/318c8bb6f553100021d223d9780d30be?ref=levels.fyi"
"Argo AI", "$35 / hr", "", "https://www.argo.ai/join-us/?ref=levels.fyi"
"DTCC", "$35 / hr", "N/A housing, N/A transportation", "https://ebxr.fa.us2.oraclecloud.com/hcmUI/CandidateExperience/en/sites/CX_1/requisitions?keyword=intern&ref=levels.fyi"
"Genesys", "$35 / hr", "", "https://genesys.referrals.selectminds.com/page/intern-293?utm_campaign=careers&utm_medium=organicsocial&utm_source=facebook%2Cinstagram%2Clinkedin%2Ctwitter%2Cyoutube&utm_content=1584641921&ref=levels.fyi"
"KLA", "$35 / hr", "No housing, no transportation", "https://kla.wd1.myworkdayjobs.com/Search/0/refreshFacet/318c8bb6f553100021d223d9780d30be?ref=levels.fyi"
"Nasdaq", "$35 / hr", "None housing, None transportation, Swag (water bottles, socks, laptop)", "https://www.nasdaq.com/about/careers/nasdaq-futures-internship-program?ref=levels.fyi"
"NortonLifeLock", "$35 / hr", "", "https://nortonlifelock.wd1.myworkdayjobs.com/university/0/refreshFacet/318c8bb6f553100021d223d9780d30be?ref=levels.fyi"
"SimpliSafe", "$35 / hr", "", "https://careers.simplisafe.com/search/?department=engineering&ref=levels.fyi#results"
"The Trade Desk", "$35 / hr", "$1,200 housing, 500 relocation bonus", "https://thetradedesk.wd5.myworkdayjobs.com/TTDExternalSite/0/refreshFacet/318c8bb6f553100021d223d9780d30be?ref=levels.fyi"
"Chewy", "$34 / hr", "$4,500 lumpsum housing", "https://www.chewy.com/jobs/?ref=levels.fyi"
"Formlabs", "$34 / hr", "Unlimited 3D printing and catered lunches.", "https://careers.formlabs.com/internships/?ref=levels.fyi#job-listings"
"Google STEP internship", "$34 / hr", "$6,000 housing", "https://careers.google.com/jobs/results/?company=Google&company=YouTube&distance=50&employment_type=FULL_TIME&employment_type=INTERN&employment_type=PART_TIME&employment_type=TEMPORARY&jex=ENTRY_LEVEL&q=summer+step&ref=levels.fyi"
"Skyworks Solutions", "$33 / hr", "No housing, no transportation, Master's student", "https://careers.skyworksinc.com/search/?createNewAlert=false&q=intern&locationsearch=&ref=levels.fyi"
"Amplitude", "$33 / hr", "", "https://boards.greenhouse.io/amplitude?ref=levels.fyi"
"Amgen", "$33 / hr", "Corporate housing and $1,500 stipend", "https://careers.amgen.com/career-search/?keyword=Internship&ref=levels.fyi"
"Carrier", "$33 / hr", "$700 housing", "https://jobs.carrier.com/search-jobs/intern?orgIds=29289&kt=1&ref=levels.fyi"
"ASML", "$33 / hr", "Junior-year student fixed wage", "https://www.asml.com/en/careers/internships?ref=levels.fyi"
"Allstate", "$33 / hr", "", "https://www.allstate.jobs/job-search-results/?keyword=intern&ref=levels.fyi"
"Comcast", "$32 / hr", "", "https://comcast.jibeapply.com/university-relations/jobs?page=1&ref=levels.fyi"
"Fidelity Investments", "$32 / hr", "", "https://jobs.fidelity.com/job-search-results/?keyword=intern&ref=levels.fyi"
"Toyota Connected", "$32 / hr", "$5,000 housing, Relocation of $750 transportation, Free lunch if onsite", "https://www.toyotaconnected.com/careers?ref=levels.fyi"
"Citrix", "$32 / hr", "$3,000 lumpsum housing", "https://jobs.citrix.com/search-results?m=3&keywords=intern&ref=levels.fyi"
"Citi", "$32 / hr", "$2,000 CAD one time stipend", "https://features.citi.com/?ref=levels.fyi"
"Collins Aerospace", "$31 / hr", "$500 housing, $3,000 relocation stipend", "https://jobs.collinsaerospace.com/search-jobs?orgIds=1738&ac=617&ref=levels.fyi"
"American Airlines", "$31 / hr", "$2,000 Relocation Allowance", "https://jobs.aa.com/go/Student-&-Grads/8180200/?ref=levels.fyi"
"Hewlett Packard", "$31 / hr", "", "https://careers.hpe.com/jobs?ref=levels.fyi"
"Visa", "$31 / hr", "$4,000 OR corporate + $750 travel housing, $65 per month transportation, Access to onsite gyms", "https://usa.visa.com/careers.html?ref=levels.fyi"
"Lam Research", "$31 / hr", "Lumpsum housing, no transportation, return offer", "https://careers.lamresearch.com/search/?locale=en_US&q=intern&locationsearch=+&location=+&city=+&department=+&ref=levels.fyi"
"Bank of America", "$30 / hr", "$3,400 lump sum  housing", "https://bankcampuscareers.tal.net/vx/lang-en-GB/mobile-0/brand-4/candidate/jobboard/vacancy/1/adv/?ftq=2022&ref=levels.fyi"
"Bentley", "$30 / hr", "No housing, no transportation", "https://jobs.bentley.com/search/?searchby=location&createNewAlert=false&q=intern&locationsearch=&geolocation=&ref=levels.fyi"
"CarMax", "$30 / hr", "$2,500 lumpsum housing, 401k match (6%)", "https://careers.carmax.com/us/en/search-results?keywords=intern&ref=levels.fyi"
"Cirrus Logic", "$30 / hr", "$833 housing, Buys out PTO", "https://www.cirrus.com/careers/jobs/?ref=levels.fyi"
"E*TRADE", "$30 / hr", "No housing, no transportation, no benefits", "https://www.morganstanley.com/careers/career-opportunities-search?ref=levels.fyi"
"Equinix", "$30 / hr", "No housing, no transportation", "https://equinix.wd1.myworkdayjobs.com/External/1/refreshFacet/318c8bb6f553100021d223d9780d30be?ref=levels.fyi"
"Eventbrite", "$30 / hr", "", "https://www.eventbritecareers.com/jobs/search?page=1&query=intern&ref=levels.fyi"
"GE Aviation", "$30 / hr", "$600 housing", "https://jobs.gecareers.com/aviation/global/en/search-results?ref=levels.fyi"
"General Motors", "$30 / hr", "$1,000 housing, Vehicle Discounts, PTO", "https://generalmotors.wd5.myworkdayjobs.com/Careers_GM/1/refreshFacet/318c8bb6f553100021d223d9780d30be?ref=levels.fyi"
"Leidos", "$30 / hr", "$3 / hour housing", "https://careers.leidos.com/search/intern/jobs?ref=levels.fyi"
"Motorola", "$30 / hr", "", "https://motorolasolutions.wd5.myworkdayjobs.com/Careers/5/refreshFacet/318c8bb6f553100021d223d9780d30be?ref=levels.fyi"
"Paylocity", "$30 / hr", "$1,000 lumpsum housing", "https://www.paylocity.com/careers/career-opportunities/early-career/?ref=levels.fyi"
"SAP Concur", "$30 / hr", "", "https://jobs.sap.com/search/?q=Concur&q2=&alertId=&locationsearch=&title=intern&location=&ref=levels.fyi"
"The Washington Post", "$30 / hr", "", "https://jobs.washingtonpost.com/employer/8541/the-washington-post/?ref=levels.fyi"
"Wayfair", "$30 / hr", "", "https://www.wayfairstudentcareers.com/all-open-roles?ref=levels.fyi"
"Nokia", "$30 / hr", "", "https://careers.nokia.com/jobs/search/28264326?ref=levels.fyi"
"Bandwidth", "$30 / hr", "", "https://www.bandwidth.com/careers/openings/?ref=levels.fyi"
"Lockheed Martin", "$29 / hr", "$1,100 housing", "https://www.lockheedmartinjobs.com/search-jobs/intern/694/1?ref=levels.fyi"
"Samsung", "$29 / hr", "$1666 / mo housing", "https://sec.wd3.myworkdayjobs.com/Samsung_Careers/3/refreshFacet/318c8bb6f553100021d223d9780d30be?ref=levels.fyi"
"CDK Global", "$29 / hr", "$1,000 signing bonus, free snacks", "https://jobs.cdkglobal.com/go/Software-Engineer-Jobs/2260900/?q=&q2=&alertId=&locationsearch=&title=intern&location=US&department=&ref=levels.fyi"
"Dell", "$29 / hr", "Corporate housing, Gym, Health Insurance, Future Opportunities, etc.", "https://jobs.dell.com/category/internship-jobs/375/24213/1?ref=levels.fyi"
"General Dynamics", "$28 / hr", "", "https://www.gd.com/careers/job-search?state=eyJ3aGF0IjoiaW50ZXJuIiwid2hlcmUiOiIiLCJJc1Rlc3RNb2RlIjoiIiwibGF0aXR1ZGUiOm51bGwsImxvbmdpdHVkZSI6bnVsbCwiYWRkcmVzcyI6IltdIiwiZmFjZXRzIjpbXX0%3D&ref=levels.fyi"
"3M", "$28 / hr", "Corporate housing, Company Provided transportation", "https://3m.wd1.myworkdayjobs.com/Search/1/refreshFacet/318c8bb6f553100021d223d9780d30be?ref=levels.fyi"
"Expedition Technology", "$28 / hr", "", "https://www.exptechinc.com/pages/careers/?ref=levels.fyi"
"Keysight", "$28 / hr", "", "https://jobs.keysight.com/search/?q=Intern&startrow=15&ref=levels.fyi"
"Optum", "$28 / hr", "", "https://careers.unitedhealthgroup.com/job-search-results/?keyword=intern&ref=levels.fyi"
"Principal Financial Group", "$28 / hr", "$3,000 net housing", "https://careers-principal.icims.com/jobs/search?ss=1&searchKeyword=intern&searchRelation=keyword_all&searchPositionType=18043&ref=levels.fyi"
"State Farm", "$28 / hr", "$2,000 housing, $1,000 retention bonus", "https://jobs.statefarm.com/main/jobs?keywords=intern&sortBy=relevance&page=1&ref=levels.fyi"
"Enlighted", "$27 / hr", "", "https://jobs.siemens.com/jobs?sortBy=relevance&page=1&brand=Smart+Infrastructure&keywords=intern&ref=levels.fyi"
"Align Technology", "$27 / hr", "", "https://jobs.aligntech.com/jobs?keywords=intern&sortBy=relevance&page=1&ref=levels.fyi"
"Chick-Fil-A", "$27 / hr", "$2,000 housing, Free chicken sandwiches, $2,000 housing and relocation stipend.", "https://careers-chickfila.icims.com/jobs/search?ss=1&searchPositionType=8710&mobile=false&width=1090&height=500&bga=true&needsRedirect=false&jan1offset=180&jun1offset=240&ref=levels.fyi"
"CommScope", "$27 / hr", "", "https://jobs.commscope.com/search/?q=&q2=&alertId=&title=Intern+Software&location=&department=&date=&ref=levels.fyi"
"Cubic", "$27 / hr", "No housing", "https://www.cubic.com/careers?ref=levels.fyi"
"Discover Financial", "$27 / hr", "Corporate housing, Company Provided transportation, “Discover swag”", "https://jobs.discover.com/job-search/?keyword=intern&ref=levels.fyi"
"Garmin", "$27 / hr", "Corporate housing, accrue PTO, Gym, free events, etc.", "https://careers-us.garmin.com/us/en/internship-jobs?ref=levels.fyi"
"General Atomics", "$27 / hr", "Corporate housing, company provided transportation", "https://www.ga-careers.com/search-jobs/interns/499/1?ref=levels.fyi"
"Global Traffic Technologies", "$27 / hr", "", "https://careers.vontier.com/us/en/global-traffic-technologies?ref=levels.fyi"
"Pegasystems", "$27 / hr", "No housing, no transportation", "https://www.pega.com/about/careers/job-listings?q=intern&f%5B0%5D=%3A&f%5B1%5D=category%3A24376&ref=levels.fyi"
"Seeq", "$27 / hr", "", "https://www.seeq.com/about/careers?ref=levels.fyi"
"Abbott Laboratories", "$26 / hr", "Provided Depending on Location housing and transportation", "https://www.jobs.abbott/us/en/search-results?keywords=intern&ref=levels.fyi"
"AT&T", "$26 / hr", "$2,500 bonus for remote internship", "https://www.att.jobs/technology-development-program?ref=levels.fyi#internship"
"Ford", "$26 / hr", "Corporate housing, Company Provided transportation", "https://sjobs.brassring.com/TGnewUI/Search/home/HomeWithPreLoad?partnerid=25385&siteid=5311&PageType=searchResults&SearchType=linkquery&LinkID=3974233&ref=levels.fyi#keyWordSearch=intern"
"General Electric", "$26 / hr", "$600 housing, Relocation assistance", "https://ge.jobs/jobs/?q=2022&ref=levels.fyi"
"RedHat", "$26 / hr", "", "https://careers-redhat.icims.com/jobs/search?ss=1&searchKeyword=intern&searchCategory=17505&ref=levels.fyi"
"Rockwell Automation", "$26 / hr", "", "https://rockwellautomation.wd1.myworkdayjobs.com/External_Rockwell_Automation/2/refreshFacet/318c8bb6f553100021d223d9780d30be?ref=levels.fyi"
"Thomson Reuters", "$26 / hr", "", "https://jobs.thomsonreuters.com/ListJobs/All/Search/jobtitle/intern/tr-job-function/interns/?ref=levels.fyi"
"John Deere", "$25 / hr", "Corporate  housing, fully covered  transportation, 401k, health insurance", "https://jobs.deere.com/search/?createNewAlert=false&q=intern&optionsFacetsDD_country=&optionsFacetsDD_department=&optionsFacetsDD_customfield1=&optionsFacetsDD_customfield3=&ref=levels.fyi"
"Analytical Graphics", "$25 / hr", "No housing, no transportation; meals, snacks, gym, laundry", "https://www.agi.com/careers?ref=levels.fyi"
"CACI International", "$25 / hr", "Up to $2,000 upon proof of lease", "https://careers.caci.com/ListJobs?keyword=intern&Page=1&SortOrder=desc&SortField=AddedOn&ref=levels.fyi"
"CCC Information Service", "$25 / hr", "", "https://cccis.recsolu.com/job_boards/tzRKUbgELPz4f2M3En3c1w?ref=levels.fyi"
"Chatham Financial", "$25 / hr", "", "https://www.chathamfinancial.com/careers/jobs?ref=levels.fyi"
"DICK's Sporting Goods", "$25 / hr", "Corporate housing, Company provided transportation", "https://www.dickssportinggoods.jobs/jobs/13316339/2022-corporate-internships-training-programs-pre-application-coraopolis-pa/?src=11663&ref=levels.fyi"
"Disney", "$25 / hr", "Company Provided transportation, Free park admission, 40% off food and merch", "https://jobs.disneycareers.com/search-jobs?ref=levels.fyi"
"Eaton", "$25 / hr", "Remote housing, Remote transportation", "https://jobs.ebayinc.com/search-jobs?ac=38598&ref=levels.fyi"
"Itron", "$25 / hr", "", "https://www.internships.com/engineering?ref=levels.fyi"
"Koch", "$25 / hr", "$1,800 housing", "https://jobs.kochcareers.com/search/jobs?cfm10=&location=&ns_cfm4=&ns_currentlocale=en&q=intern&ref=levels.fyi"
"Kohl's", "$25 / hr", "Corporate housing, 15% off at Kohl's", "https://careers.kohls.com/internships/technology-digital?ref=levels.fyi"
"National Instruments", "$25 / hr", "", "https://pef.fa.us1.oraclecloud.com/hcmUI/CandidateExperience/en/sites/CX/requisitions?keyword=intern&location=Austin%2C+TX%2C+United+States&locationId=300000000632431&locationLevel=city&radius=0&radiusUnit=MI&ref=levels.fyi"
"New York Life Insurance", "$25 / hr", "$2,000 lumpsum housing", "https://www.newyorklife.com/careers/corporate/internships/technology?ref=levels.fyi"
"Nuance", "$25 / hr", "", "https://nuance.wd1.myworkdayjobs.com/Nuance/1/refreshFacet/318c8bb6f553100021d223d9780d30be?ref=levels.fyi"
"PNC", "$25 / hr", "$2,500 in total for 10 weeks housing", "https://careers.pnc.com/global/en/search-results?ref=levels.fyi"
"Siemens", "$25 / hr", "N/A housing, paid volunteer hours, pay based on graduation date", "https://jobs.siemens.com/jobs?keywords=intern+&sortBy=relevance&page=1&ref=levels.fyi"
"SRI International", "$25 / hr", "", "https://sjobs.brassring.com/TGnewUI/Search/Home/Home?partnerid=25653&siteid=5696&ref=levels.fyi#keyWordSearch=intern&locationSearch="
"Symantec", "$25 / hr", "$2,500 housing, $63 / hr overtime", "https://nortonlifelock.wd1.myworkdayjobs.com/university/?ref=levels.fyi"
"Truveta", "$25 / hr", "", "https://www.truveta.com/careers/?ref=levels.fyi"
"UBS", "$25 / hr", "", "https://jobs.ubs.com/TGnewUI/Search/home/HomeWithPreLoad?partnerid=25008&siteid=5131&PageType=searchResults&SearchType=linkquery&LinkID=6166&ref=levels.fyi#keyWordSearch=&locationSearch="
"Zynga", "$25 / hr", "No housing, no transportation, free food", "https://jobs.jobvite.com/zynga//?ref=levels.fyi"
"Spectrum", "$25 / hr", "Network Engineering Intern", "https://jobs.spectrum.com/search-jobs/intern/4673-14710/1?glat=32.882&glon=-96.7609&ref=levels.fyi"
"Texas Instruments", "$24 / hr", "$1,500 housing, No transportation, Discount stock", "https://careers.ti.com/search-jobs/?keyword=Software+Engineer&fuzzy=false&brand=Interns&ref=levels.fyi"
"CGI", "$24 / hr", "No housing, no transportation", "https://cgi.njoyn.com/CGI/xweb/XWeb.asp?NTKN=c&clid=21001&Page=joblisting&ref=levels.fyi"
"General Dynamics Mission Systems", "$24 / hr", "$1,000 relocation bonus", "https://gdmissionsystems.com/careers/job-search?state=eyJ3aGF0IjoiaW50ZXJuIiwid2hlcmUiOiIiLCJJc1Rlc3RNb2RlIjoiIiwiYWRkcmVzcyI6IltdIn0%3D&ref=levels.fyi"
"GlobalFoundries", "$24 / hr", "$1,500 lumpsum housing, no transportation", "https://gfoundries.taleo.net/careersection/gf_ext/jobsearch.ftl?f=LOCATION%2818105120629%29&ignoreSavedQuery=&ref=levels.fyi"
"Honeywell", "$24 / hr", "", "https://careers.honeywell.com/us/en/search-results?keywords=intern&ref=levels.fyi"
"Lincoln Financial Group", "$24 / hr", "", "https://jobs.lincolnfinancial.com/go/Internship-Jobs/2254900/?ref=levels.fyi"
"MITRE", "$24 / hr", "", "https://mitre.wd5.myworkdayjobs.com/MITRE/0/refreshFacet/318c8bb6f553100021d223d9780d30be?ref=levels.fyi"
"Noblis", "$24 / hr", "", "https://careers.noblis.org/featured/internships/?ref=levels.fyi"
"Toyota", "$24 / hr", "", "https://www.toyotaconnected.com/job?gh_jid=4421992002&did=4040990002&ref=levels.fyi"
"Ubisoft", "$24 / hr", "No housing, no transportation", "https://www.ubisoft.com/en-us/company/careers/search?query=intern&ref=levels.fyi"
"Bayer", "$23 / hr", "$4,100 Taxable one time Stipend", "https://career.bayer.com/en/jobs-search?field_job_career_level=2131&field_job_functional_area=All&field_job_country=All&field_job_location=All&field_job_division=All&search_api_fulltext=&ref=levels.fyi"
"MealMe", "$23 / hr", "Relocation and free housing, performance based stock bonus, free meals", "https://www.mealme.ai/careers?ref=levels.fyi"
"CNA Insurance", "$23 / hr", "", "https://cna.taleo.net/careersection/2/jobsearch.ftl?ref=levels.fyi"
"Dexcom", "$23 / hr", "Magic mouse, magic keyboard, monitor to keep after internship.", "https://careers.dexcom.com/careers?pid=9898812&query=intern&domain=dexcom.com&triggerGoButton=false&ref=levels.fyi"
"Johns Hopkins Applied Physics Lab", "$23 / hr", "$20-$35 / hr based on the amount of years you have been in university", "https://www.jhuapl.edu/Careers/Internships?ref=levels.fyi"
"Kodak Alaris", "$23 / hr", "", "https://recruiting.adp.com/srccar/public/RTI.home?c=1215501&d=External&ref=levels.fyi"
"The Co-operators", "$23 / hr", "", "https://www.cooperators.ca/en/About-Us/careers/students-and-new-grads.aspx?ref=levels.fyi"
"McKesson", "$23 / hr", "", "https://mckesson.wd3.myworkdayjobs.com/External_Careers?q=intern&ref=levels.fyi"
"Electronic Arts", "$22 / hr", "$1,000 housing,", "https://ea.gr8people.com/jobs?page=1&inp1377=2&keyword=intern&ref=levels.fyi"
"BMO", "$22 / hr", "", "https://jobs.bmo.com/ca/en/interns?ref=levels.fyi"
"Cargill", "$22 / hr", "", "https://careers.cargill.com/search-jobs/intern%20software/23251/1?ref=levels.fyi"
"Cerner", "$21 / hr", "Provided housing, no transportation", "https://careers.cerner.com/Search?career_path=students++graduates&ref=levels.fyi"
"Dynetics", "$21 / hr", "$450 housing, Travel to Huntsville reimbursement", "https://careers.dynetics.com/job-listing.php?s=intern&ref=levels.fyi"
"Echo Global Logistics", "$21 / hr", "No housing, no transportation", "https://echo.wd1.myworkdayjobs.com/Echo_Logistics/0/refreshFacet/318c8bb6f553100021d223d9780d30be?ref=levels.fyi"
"Johnson & Jonshon", "$21 / hr", "", "https://jobs.jnj.com/jobs?page=1&limit=25&keywords=intern&sortBy=relevance&ref=levels.fyi"
"NextEra Energy", "$21 / hr", "", "https://jobs.nexteraenergy.com/search/?q=intern&q2=&alertId=&locationsearch=&geolocation=&searchby=location&d=10&lat=&lon=&title=intern+software&location=&date=&ref=levels.fyi"
"ACS", "$20 / hr", "", "https://jobs.acs.org/search/?q=intern&ref=levels.fyi"
"Alion Science and Technology", "$20 / hr", "No housing, no transportation, flexible work hours", "https://jobs.alionscience.com/en-US/search?ref=levels.fyi"
"Amadeus", "$20 / hr", "Profit sharing", "https://opportunities.jobs.amadeus.com/search/?createNewAlert=false&q=&locationsearch=&optionsFacetsDD_country=&optionsFacetsDD_customfield2=&optionsFacetsDD_customfield3=Students+%28Internships%2C+Work+Experience%2C+Grads%29&ref=levels.fyi"
"Axiom Zen", "$20 / hr", "Insurance (health, dental, vision, life, etc), phone reimbursement, gym and fitness reimbursement, free WFH stuff", "https://www.axiomzen.co/careers?ref=levels.fyi"
"Bluehost", "$20 / hr", "No housing, no transportation", "https://careers.endurance.com/global/en/search-results?keywords=intern&ref=levels.fyi"
"Copart", "$20 / hr", "Cyber Security", "https://recruiting.adp.com/srccar/public/RTI.home?c=1214601&d=ExternalCareerSite&ref=levels.fyi"
"FINRA", "$20 / hr", "", "https://finra.wd1.myworkdayjobs.com/FINRA/0/refreshFacet/318c8bb6f553100021d223d9780d30be?ref=levels.fyi"
"Open Sesame", "$20 / hr", "PTO", "https://www.opensesame.com/site/about/careers/job-openings/?ref=levels.fyi"
"ORTEC", "$20 / hr", "", "https://careers.ortec.com/job-region/atlanta/?ref=levels.fyi"
"PACCAR", "$20 / hr", "", "https://jobs.paccar.com/search/?createNewAlert=false&q=intern&locationsearch=&ref=levels.fyi"
"Sleep Number", "$20 / hr", "", "https://jobs.sleepnumber.com/search-jobs/intern/1020/1?ref=levels.fyi"
"The Home Depot", "$20 / hr", "", "https://careers.homedepot.com/job-search-results/?keyword=Software+Engineer+Intern&ref=levels.fyi"
"TomTom", "$20 / hr", "", "https://www.tomtom.com/careers/joboverview/?title=intern&ref=levels.fyi"
"Verint", "$20 / hr", "No housing, no transportation, $25 weekly ubereats gift card", "https://phf.tbe.taleo.net/phf03/ats/careers/v2/searchResults?org=VERINT&cws=75&ref=levels.fyi"
"Intelligent Automation, Inc", "$19 / hr", "Swag", "https://www.i-a-i.com/careers/?ref=levels.fyi"
"Grubbrr", "$19 / hr", "", "https://careers.grubbrr.com/?search_keywords=&selected_category=-1&selected_jobtype=internship&selected_location=-1&ref=levels.fyi"
"Symend", "$19 / hr", "", "https://symend.com/careers/?ref=levels.fyi"
"HCSS", "$18 / hr", "", "https://careers.hcss.com/current-openings/?ref=levels.fyi"
"Shopee", "$18 / hr", "No housing, no transportation", "https://careers.shopee.sg/jobs?region_id=&dept_id=109&level=205&limit=20&offset=0&ref=levels.fyi"
"SEA", "$17 / hr", "", "https://career.sea.com/search?keyword=intern&level=0&location_id=0&team_id=0&ref=levels.fyi"
"Assured", "$17 / hr", "", "https://jobs.lever.co/assured/?commitment=Internship&ref=levels.fyi"
"Sprinklr", "$17 / hr", "Campus Recruitment", "https://www.sprinklr.com/careers/?ref=levels.fyi#jobs"
"Veterans United", "$15 / hr", "Corporate housing", "https://careers.veteransunited.com/open-positions/?ref=levels.fyi"
"Murex", "$12 / hr", "", "https://www.murex.com/careers/search-for-a-job?cf2=all&cf1=all&cf3=95&cf4=all&jobsearch_submit=Search&ref=levels.fyi"
"Autodesk", "$10 / hr", "", "https://autodesk.wd1.myworkdayjobs.com/uni/0/refreshFacet/318c8bb6f553100021d223d9780d30be?ref=levels.fyi"
"Zipline", "", "", "https://flyzipline.com/careers?ref=levels.fyi"
"Yahoo!", "", "", "https://vzbuilders.wd5.myworkdayjobs.com/careers/0/refreshFacet/318c8bb6f553100021d223d9780d30be?ref=levels.fyi"
"Xylem", "", "", "https://www.xylem.com/en-lt/careers/career-opportunities?page=1&pagesize=96&facetids=1013&keyword=intern&articleType=1013&ref=levels.fyi"
"Workday", "", "", "https://workday.wd5.myworkdayjobs.com/en-us/workday_university_careers?ref=levels.fyi"
"Washington Post", "", "", "https://washpost.wd5.myworkdayjobs.com/washingtonpostcareers/0/refreshFacet/318c8bb6f553100021d223d9780d30be?ref=levels.fyi"
"WarnerMedia", "", "", "https://www.linkedin.com/jobs/view/2555111311/?ref=levels.fyi"
"Walmart", "", "", "https://walmart.wd5.myworkdayjobs.com/en-us/walmartexternal/job/us-ar-bentonville-home-office-isd-office---dgtc/xmlname-2022-summer-intern--software-engineer-ii_r-682495?ref=levels.fyi"
"VMware", "", "", "https://careers.vmware.com/main/jobs?keywords=intern&sortBy=relevance&page=1&ref=levels.fyi"
"Virgin Orbit", "", "", "https://careers-virginorbit.icims.com/jobs/search?ss=1&searchKeyword=intern&ref=levels.fyi"
"US Venture", "", "", "https://usventure.wd1.myworkdayjobs.com/USVExternal/0/refreshFacet/318c8bb6f553100021d223d9780d30be?ref=levels.fyi"
"Unisys", "", "", "https://jobs.unisys.com/us/en?ref=levels.fyi"
"Trimble", "", "", "https://trimble.wd1.myworkdayjobs.com/trimblecareers/0/refreshFacet/318c8bb6f553100021d223d9780d30be?ref=levels.fyi"
"Tower Research Capital", "", "", "https://www.tower-research.com/open-positions?ref=levels.fyi"
"The Voloen Group", "", "", "https://jobs.lever.co/voleon/?ref=levels.fyi"
"Teamworthy Ventures", "", "", "https://boards.greenhouse.io/teamworthy/?ref=levels.fyi"
"TD Ameritrade", "", "", "https://jobs.td.com/en/job-search-results/?keyword=intern&ref=levels.fyi"
"Splunk", "", "", "https://www.splunk.com/view/SP-CAAAGMH?ref=levels.fyi"
"SpaceX", "", "", "https://www.spacex.com/internships/?ref=levels.fyi"
"Shure", "", "", "https://careers-shure.icims.com/jobs/search?ss=1&searchKeyword=intern+software&ref=levels.fyi"
"Second Spectrum", "", "", "https://secondspectrum.recruitee.com/?ref=levels.fyi"
"Second Order Effects", "", "", "https://boards.greenhouse.io/soeffects?ref=levels.fyi"
"SAP", "", "", "https://jobs.sap.com/search/?q=&q2=&alertId=&locationsearch=&title=intern&location=&ref=levels.fyi"
"RBC", "", "", "https://jobs.rbc.com/ca/en/job/RBCAA0088327043EXTERNALENCA/2022-Technology-Summer-Analyst-Program?ref=levels.fyi"
"Reverie Labs", "", "", "https://www.workatastartup.com/companies/1775?ref=levels.fyi"
"Republic Wireless", "", "", "https://boards.greenhouse.io/republicwireless?_ga=2.145943924.1563528122.1604832023-1915420884.1604832023&ref=levels.fyi"
"Reddit", "", "", "https://boards.greenhouse.io/reddit/?ref=levels.fyi"
"Red Hat", "", "", "https://careers-redhat.icims.com/jobs/search?ss=1&searchKeyword=internship&mobile=false&width=1140&height=500&bga=true&needsRedirect=false&jan1offset=180&jun1offset=240&ref=levels.fyi"
"Raytheon", "", "", "https://jobs.rtx.com/search-jobs/intern?ref=levels.fyi"
"Qumulo", "", "", "https://qumulo.com/company/jobs/?ref=levels.fyi"
"Quantcast", "", "", "https://www.quantcast.com/careers/openings/?ref=levels.fyi#department%3D__team%3D__location%3D__commitment%3DIntern__null%3D__null%3D__null%3D__null%3D"
"Proofpoint", "", "", "https://proofpoint.wd5.myworkdayjobs.com/ProofpointCareers/0/refreshFacet/318c8bb6f553100021d223d9780d30be?ref=levels.fyi"
"Pendo.io", "", "", "https://boards.greenhouse.io/pendo?ref=levels.fyi"
"Pearson", "", "", "https://logo.clearbit.com/pearson.com?ref=levels.fyi"
"Northwestern Mutual", "", "", "https://careers.northwesternmutual.com/corporate-careers/?search=intern&pagesize=20&ref=levels.fyi#content"
"Norfolk Southern", "", "", "https://jobs.nscorp.com/search/?createNewAlert=false&q=intern&locationsearch=&optionsFacetsDD_dept=&optionsFacetsDD_customfield1=&optionsFacetsDD_customfield2=&optionsFacetsDD_customfield3=&ref=levels.fyi"
"NextEra Robotics", "", "", "https://www.workatastartup.com/jobs/41275?ref=levels.fyi"
"Netflix", "", "", "https://jobs.netflix.com/search?q=intern&ref=levels.fyi"
"Fractal", "", "", "https://www.notion.so/Fractal-Job-Board-a39b64712f094c7785f588053fc283a9?ref=levels.fyi"
"Micro Focus", "", "", "https://jobs.microfocus.com/global/en/search-results?m=3&keywords=intern&ref=levels.fyi"
"Medtronic", "", "", "https://jobs.medtronic.com/jobs/search/106431002?ref=levels.fyi"
"Lumen", "", "", "https://jobs.lumen.com/global/en/university-entry-level?ref=levels.fyi"
"Lenovo", "", "", "https://jobs.lenovo.com/en_US/careers/SearchJobs/Summer%202022?8635=%5B488%5D&8635_format=3279&listFilterMode=1&jobRecordsPerPage=10&ref=levels.fyi"
"L3Harris Technologies", "", "", "https://logo.clearbit.com/l3harris.com/?ref=levels.fyi"
"Johnson Controls", "", "", "https://johnsoncontrols.referrals.selectminds.com/jobs/search/34922358?ref=levels.fyi"
"Intuitive", "", "", "https://careers.intuitive.com/us/en/search-results?ref=levels.fyi"
"Intel", "", "", "https://jobs.intel.com/page/show/search-results?ref=levels.fyi#q=intern&t=Jobs&sort=relevancy&layout=table"
"Inmar", "", "", "https://inmar.wd1.myworkdayjobs.com/inmarcareers/1/refreshFacet/318c8bb6f553100021d223d9780d30be?ref=levels.fyi"
"Illumina", "", "", "https://illumina.wd1.myworkdayjobs.com/illumina-universityrecruiting/3/refreshFacet/318c8bb6f553100021d223d9780d30be?ref=levels.fyi"
"iCIMs", "", "", "https://careers.icims.com/jobs?keywords=intern&sortBy=relevance&page=1&ref=levels.fyi"
"Group One Trading", "", "", "https://group1.applicantpro.com/jobs/?ref=levels.fyi"
"Greenzie", "", "", "https://www.greenzie.com/careers?ref=levels.fyi#positions"
"Gitlab", "", "", "https://boards.greenhouse.io/gitlab/?ref=levels.fyi"
"Genesis", "", "", "https://apply.workable.com/genesistrading/?ref=levels.fyi"
"Freddie Mac", "", "", "https://careers.freddiemac.com/us/en/c/university-jobs?ref=levels.fyi"
"Fifth Third Bank", "", "", "https://fifththird.wd5.myworkdayjobs.com/53careers/0/refreshFacet/318c8bb6f553100021d223d9780d30be?source=LinkedIn&ref=levels.fyi"
"Federated Insurance", "", "", "https://careers-federatedinsurance.icims.com/jobs/3098/it-systems-developer-intern---summer-2022/job?mode=job&iis=SOURCE&iisn=LinkedIn&mobile=false&width=1887&height=500&bga=true&needsRedirect=false&jan1offset=120&jun1offset=180&ref=levels.fyi"
"Factset", "", "", "https://factset.wd1.myworkdayjobs.com/FactSetCareers/0/refreshFacet/318c8bb6f553100021d223d9780d30be?__hstc=226296197.31250d281415e77d3b27dccff4fdcd16.1622212026035.1622212026035.1622212026035.1&__hssc=226296197.2.1622212026035&__hsfp=656858325&hsCtaTracking=5bad2784-dc05-40fe-a68d-fee1a12cdc9b%7C397e76f1-32f7-4fbf-bd20-d38c0c14c7a9&ref=levels.fyi"
"EquipmentShare", "", "", "https://www.linkedin.com/jobs/view/2706565512/?ref=levels.fyi"
"Everest Re", "", "", "https://wd5.myworkdaysite.com/recruiting/everestre/careers/1/refreshFacet/318c8bb6f553100021d223d9780d30be?ref=levels.fyi"
"Epic Games", "", "", "https://www.epicgames.com/site/ru/careers/jobs?type=Intern&page=1&ref=levels.fyi"
"Endurance", "", "", "https://careers.endurance.com/global/en/search-results?keywords=intern&ref=levels.fyi"
"Domeyard LP", "", "", "https://boards.greenhouse.io/domeyard/?ref=levels.fyi"
"DeepMind", "", "", "https://deepmind.com/careers/internships?ref=levels.fyi"
"Crestron", "", "", "https://careers-crestron.icims.com/jobs/search?ss=1&searchKeyword=intern&ref=levels.fyi"
"Credit Suisse", "", "", "https://tas-creditsuisse.taleo.net/careersection/campus/moresearch.ftl?ref=levels.fyi"
"Cox Automotive", "", "", "https://jobs.coxenterprises.com/job-search-results/?keyword=intern&ref=levels.fyi"
"Conagra Brands", "", "", "https://conagra.eightfold.ai/careers?pid=8120153&domain=conagra.com&ref=levels.fyi"
"Commonwealth Care Alliance", "", "", "https://careers-commonwealthcarealliance.icims.com/jobs/?ref=levels.fyi"
"Cloudflare", "", "", "https://www.cloudflare.com/en-gb/careers/jobs/?department=University&location=default&ref=levels.fyi"
"ClearedJobs.net", "", "", "https://www.google.com/url?q=https%3A%2F%2Fwww.linkedin.com%2Fjobs%2Fview%2F2384341741&sa=D&source=editors&ust=1614097955106000&usg=AFQjCNEX9lyZmE2WSadOIt-jFXfHwESeBg&ref=levels.fyi"
"Cigna", "", "", "https://careers.ciena.com/us/en/search-results?m=3&keywords=Intern&ref=levels.fyi"
"Chime", "", "", "https://www.chime.com/job-openings/?ref=levels.fyi"
"Chapter", "", "$30k – $80k, No equity", "https://angel.co/company/chapter-7/jobs/?ref=levels.fyi"
"Checkr", "", "", "https://boards.greenhouse.io/checkr?ref=levels.fyi"
"CH Robinson", "", "", "https://jobs.chrobinson.com/search-jobs/intern/209/1?ref=levels.fyi"
"Cerebras", "", "", "https://cerebras.net/careers/?ref=levels.fyi"
"Centene Corporation", "", "", "https://jobs.centene.com/us/en/search-results?keywords=intern&ref=levels.fyi"
"Censys", "", "", "https://censys.io/company/careers/?ref=levels.fyi"
"CBRE Build", "", "$2,500 lumpsum housing, reimbursement for transportation,10 wks, small team", "https://www.cbrebuild.com/?ref=levels.fyi#jobs"
"Caissa", "", "", "https://caissallc.com/careers/?ref=levels.fyi#!"
"C3.Ai", "", "", "https://c3.ai/careers/?ref=levels.fyi"
"Broadway Technology", "", "", "https://jobs.lever.co/broadwaytechnology/?ref=levels.fyi"
"Bracebridge Capital", "", "", "https://phh.tbe.taleo.net/phh02/ats/careers/v2/searchResults?org=BRACEBRIDGE_CAPITAL&cws=41&ref=levels.fyi"
"Boeing", "", "", "https://jobs.boeing.com/category/internship-jobs/185-18469/9287/1?ref=levels.fyi"
"Bodo.ai", "", "", "https://jobs.lever.co/bodo/?ref=levels.fyi"
"BNY Mellon", "", "", "https://jobs.bnymellon.com/jobs?keywords=intern&page=1&ref=levels.fyi"
"BNP Paribas", "", "", "https://bnppus.tal.net/vx/lang-en-GB/mobile-0/appcentre-ext/brand-4/xf-f6ca0706e954/candidate/jobboard/vacancy/2/adv/?ref=levels.fyi"
"Beyond Limits", "", "", "https://www.beyond.ai/careers/open-positions/?job_category=Internships&ref=levels.fyi"
"Bessemer Venture Partners", "", "", "https://www.bvp.com/bessemer-fellows?ref=levels.fyi"
"Baxter International", "", "", "https://jobs.baxter.com/search-jobs/intern/152/1?ref=levels.fyi"
"Barclays", "", "", "https://search.jobs.barclays/search-jobs/Summer%202022/United%20States/22545/1/2/6252001/39x76/-98x5/0/2?ref=levels.fyi"
"Bankers Healthcare Group", "", "", "https://www.careersatbhg.com/openings?ref=levels.fyi"
"BAE Systems", "", "", "https://www.bandwidth.com/careers/openings/?__cf_chl_captcha_tk__=bnb5MnSGyqA_tw97wsunYhlX.Wz0s82twJPRxdUiuvM-1637773501-0-gaNycGzNCL0&ref=levels.fyi"
"Avigilon", "", "", "https://motorolasolutions.wd5.myworkdayjobs.com/Careers/1/refreshFacet/318c8bb6f553100021d223d9780d30be?ref=levels.fyi"
"Aurora", "", "", "https://aurora.tech/careers?ref=levels.fyi"
"Aruba, HPE Company", "", "", "https://careers.arubanetworks.com/jobs?ref=levels.fyi"
"Arrowstreet Capital", "", "", "https://arrowstreetcapital.wd5.myworkdayjobs.com/Arrowstreet/0/refreshFacet/318c8bb6f553100021d223d9780d30be?ref=levels.fyi"
"AppLovin", "", "", "https://www.applovin.com/jobs/?ref=levels.fyi"
"Applied Intuition", "", "", "https://jobs.lever.co/applied/?commitment=Intern&ref=levels.fyi"
"Ansys", "", "", "https://careers.ansys.com/go/Software-Development/8092700/?ref=levels.fyi"
"American Family Insurance", "", "", "https://amfam.wd1.myworkdayjobs.com/Careers/1/refreshFacet/318c8bb6f553100021d223d9780d30be?ref=levels.fyi"
"Air Products", "", "", "https://sjobs.brassring.com/tgnewui/search/home/homewithpreload?partnerid=25091&siteid=5105&pagetype=jobdetails&jobid=721744&ref=levels.fyi#keyWordSearch=intern"
"Aechelon Technology", "", "", "https://jobs.lever.co/aechelon/?ref=levels.fyi"
"Aldridge Electric", "", "", "https://aldridge.csod.com/ux/ats/careersite/9/home?c=aldridge&ref=levels.fyi"
"Addepar", "", "", "https://boards.greenhouse.io/addepar1?t=31a4a9852&ref=levels.fyi"
"84.51 Degrees", "", "", "https://boards.greenhouse.io/8451university?ref=levels.fyi"
"2K", "", "", "https://boards.greenhouse.io/2k?ref=levels.fyi"
"24g", "", "", "https://www.24g.com/careers?ref=levels.fyi"
